,North America,Europe,of which EU,of which EU15,of which OtherEU,Other Countries 
2010,584.088736,4571.393552,4203.134944,3647.00079,556.134154,748.426672
