Year,Europe,America,Other,EU15
2018,4571.393552,584.088736,284.088736,3647.00079
2019,3071.393552,304.08874,184.088736,2447.00079